id,issue,brand,ad_title,featured,category,rating,score,url
1,1,Nespresso,Explore Vertuo World,Dua Lipa,"Food, Drink & Dining",Loud and Clear,2,https://www.ispot.tv/ad/gCZ7/nespresso-explore-vertuo-world-featuring-dua-lipa
2,1,PNC,Naming Rights,,Financial Services,Muted,0,https://www.ispot.tv/ad/TseM/pnc-financial-services-graduation
3,1,Kellogg,The One of a Kind Joy,,"Food, Drink & Dining",Loud and Clear,2,https://youtu.be/2c0kFWuhc0A
4,1,Kerrygold,Table,,"Food, Drink & Dining",Loud and Clear,2,https://www.ispot.tv/ad/5r7N/kerrygold-table
5,1,NordVPN,Half Protection,,Technology & Telecom,Loud and Clear,2,https://www.ispot.tv/ad/BzNq/nordvpn-half-protection
6,1,On the Rocks,Masterfully Mixed,,"Food, Drink & Dining",Muted,0,https://www.ispot.tv/ad/fDR9/on-the-rocks-cosmopolitan-masterfully-mixed
7,1,On the Rocks,Lounge Life,,"Food, Drink & Dining",Muffled,1,https://www.ispot.tv/ad/TmLR/on-the-rocks-poolside
8,1,On the Rocks,Potluck,,"Food, Drink & Dining",Loud and Clear,2,https://www.ispot.tv/ad/TmLM/on-the-rocks-whatever-the-moment-wine-party
9,1,ezCater,The Food Always Works,,Business Services,Muffled,1,https://www.ispot.tv/ad/goT4/ezcater-the-food-always-works
10,1,ezCater,Hungry for Efficiency,,Business Services,Muted,0,https://www.ispot.tv/ad/gtp6/ezcater-hungry-for-efficiency
11,2,Corona,To-Do List,,"Food, Drink & Dining",Loud and Clear,2,https://www.ispot.tv/ad/gBrb/corona-extra-to-do-list
12,2,Bombas,Comfort Socks,,Retail & Apparel,Muffled,1,https://www.ispot.tv/ad/BLEK/bombas-comfort-socks
13,2,Lysol,Boom,,Household & Home,Loud and Clear,2,https://www.ispot.tv/ad/dSCr/lysol-disinfectant-spray-boom
14,2,Domino's,Best Deal Ever,,"Food, Drink & Dining",Loud and Clear,2,https://www.ispot.tv/ad/g5QQ/dominos-best-deal-ever-translation-999
15,2,Ancestry,This/That,,Consumer Services,Muffled,1,https://www.ispot.tv/ad/g7mH/ancestry-this-that
16,2,Ethos,Term Testimonial,Mike Slater,Financial Services,Muffled,1,https://www.ispot.tv/ad/g7mN/ethos-term-testimonial-mike-slater
17,2,Prudential,Every Al,,Financial Services,Muted,0,https://www.ispot.tv/ad/B6p5/prudential-every-al
18,2,Dawn,Time Out,,Household & Home,Loud and Clear,2,https://www.ispot.tv/ad/fYUt/dawn-platinum-plus-powerwash-dish-spray-time-out
19,2,Wet & Forget,Easy Way to Clean Outdoor Stains,,Household & Home,Loud and Clear,2,https://www.ispot.tv/ad/gD7l/wet-and-forget-easy-way-to-clean-outdoor-stains
20,2,Safelite,Anyway You Want,,Automotive,Muted,0,https://www.ispot.tv/ad/gn7o/safelite-auto-glass-anyway-you-want-song-by-journey
21,3,Dell,Stay in the Flow,,Technology & Telecom,Muted,0,https://www.ispot.tv/ad/gXDW/dell-pro-stay-in-the-flow
22,3,Dell,Suki's Paris Fashion Week,,Technology & Telecom,Muffled,1,https://www.ispot.tv/ad/gyv4/dell-technologies-sukis
23,3,Jardiance,Slow Can Be Good Too,Usain Bolt,Health & Wellness,Muffled,1,https://www.ispot.tv/ad/gmCz/jardiance-slow-can-be-good-too-featuring-usain-bolt
24,3,Ro,Healthier on Ro,Serena Williams,Health & Wellness,Loud and Clear,2,https://www.ispot.tv/ad/go9v/ro-super-bowl-2026-pre-release-healthier-on-ro-featuring-serena-williams-song-by-sleigh-bells
25,3,Apple iPhone,Privacy on iPhone: Safari Helps Block Data Trackers,,Technology & Telecom,Loud and Clear,2,https://www.ispot.tv/ad/gigx/apple-iphone-privacy-on-iphone-safari-helps-block-data-trackers
26,3,Apple iPhone,Listen to Your Body,,Technology & Telecom,Muted,0,https://www.ispot.tv/ad/gz4I/apple-iphone-listen-to-your-body-song-by-sheherazaad
27,3,Apple iPhone,Privacy: Flock,,Technology & Telecom,Loud and Clear,2,https://www.ispot.tv/ad/69ji/apple-iphone-privacy-flock-song-by-bjrn-jason-lindh
28,3,Harbor Freight,Keep Prices Down: Quality Tools,,Retail & Apparel,Muted,0,https://www.ispot.tv/ad/g8fG/harbor-freight-keep-prices-down-quality-tools
29,3,Chase,Kids Making Money,,Financial Services,Muffled,1,https://www.ispot.tv/ad/gMfT/jpmorgan-chase-kids-making-money
30,3,JCPenney,Yes: Summer,,Retail & Apparel,Loud and Clear,2,https://www.ispot.tv/ad/gxAI/jcpenney-yes-summer
31,4,Oura,Can You Hear That,,Health & Wellness,Muted,0,https://www.ispot.tv/ad/geL6/oura-ring-5-can-you-hear-that
32,4,Oura,World's Smallest Smart Ring,,Health & Wellness,Muffled,1,https://www.ispot.tv/ad/geyL/oura-ring-5-worlds-smallest-smart-ring
33,4,HPE,Self-Driving Network,George Russell; Kimi Antonelli,Technology & Telecom,Muted,0,https://www.ispot.tv/ad/geqK/hewlett-packard-enterprise-self-driving-network-featuring-george-russell-kimi-antonelli
34,4,Olive Garden,Never Ending Pasta Bowl,,"Food, Drink & Dining",Loud and Clear,2,https://www.ispot.tv/ad/B65l/olive-garden-never-ending-pasta-bowl-first-and-second-round
35,4,Opti-Nail,Works While You Sleep,,Health & Wellness,Loud and Clear,2,https://www.ispot.tv/ad/TzU1/opti-nail-patches-works-while-you-sleep
36,4,Secret Clinical,Sweat Test,,Personal Care & Beauty,Loud and Clear,2,https://www.ispot.tv/ad/fvsG/secret-sweat-test
37,4,Bath Fitter,Engineered a Revolution,,Household & Home,Loud and Clear,2,https://www.ispot.tv/ad/gFo5/bath-fitter-engineered-a-revolution
38,4,Ashley HomeStore,Introducing Ashley Luxe,Hailee Steinfeld,Retail & Apparel,Muffled,1,https://www.ispot.tv/ad/gFiM/ashley-homestore-diy-dress-featuring-hailee-steinfeld
39,4,Xfinity,Birds and the Bees,,Technology & Telecom,Muted,0,https://www.ispot.tv/ad/gzhO/xfinity-mobile-birds-and-the-bees-song-by-postal-service
40,4,Emirates,We're Back!,,Travel,Loud and Clear,2,https://youtu.be/njoDROUgFFo
41,5,DuckDuckGo,AI and Non-AI Ducks Alike Fleeing Google,,Technology & Telecom,Muted,0,https://www.ispot.tv/ad/gQti/duckduckgo-ai-and-non-ai-ducks-alike-fleeing-google
42,5,DuckDuckGo,Prying Eyes: Skincare,,Technology & Telecom,Muffled,1,https://www.ispot.tv/ad/g0I6/duckduckgo-duckai-prying-eyes-skincare
43,5,Kalshi,Dentist,Timothée Chalamet,Financial Services,Muted,0,https://www.ispot.tv/ad/gQd1/kalshi-predictions-dentist-featuring-timothe-chalamet-song-by-nickelback
44,5,Vizz,A Good Day,Sarah Jessica Parker,Health & Wellness,Loud and Clear,2,https://www.ispot.tv/ad/gl2A/vizz-a-good-day-featuring-sarah-jessica-parker
45,5,Paycom,Know Everything,James Marsden,Business Services,Muted,0,https://www.ispot.tv/ad/Br0p/paycom-know-everything-featuring-james-marsden
46,5,Cortizone-10,Itchsanity Song,,Health & Wellness,Loud and Clear,2,https://www.ispot.tv/ad/1Jax/cortizone-10-itchsanity-song
47,5,Chick-fil-A,"Honey Pepper Pimento, Bringing Flavor Back",,"Food, Drink & Dining",Muffled,1,https://www.ispot.tv/ad/gc2A/chick-fil-a-honey-pepper-pimento-chicken-sandwich-bringing-flavor-back
48,5,Dove,More Than Just Clean,,Personal Care & Beauty,Loud and Clear,2,https://www.ispot.tv/ad/gn5R/dove-beauty-bar-more-than-just-clean
49,5,Swiffer,Where We're Standing,,Household & Home,Loud and Clear,2,https://www.ispot.tv/ad/gEHI/swiffer-powermop-where-were-standing
50,5,One A Day,Ludicrous,Ludacris,Health & Wellness,Muffled,1,https://www.ispot.tv/ad/gXCx/one-a-day-ludicrous-featuring-ludacris